<beans xmlns="http://www.springframework.org/schema/beans"       xmlns:xsi="http://www.w3.org/2001/XMLSchema-instance"       xmlns:context="http://www.springframework.org/schema/context"       xmlns:tx="http://www.springframework.org/schema/tx"       xmlns:aop="http://www.springframework.org/schema/aop"       xmlns:mvc="http://www.springframework.org/schema/mvc"       xsi:schemaLocation="http://www.springframework.org/schema/beans        http://www.springframework.org/schema/beans/spring-beans.xsd        http://www.springframework.org/schema/context http://www.springframework.org/schema/context/spring-context.xsd        http://www.springframework.org/schema/tx http://www.springframework.org/schema/tx/spring-tx.xsd        http://www.springframework.org/schema/aop http://www.springframework.org/schema/aop/spring-aop.xsd        http://www.springframework.org/schema/mvc http://www.springframework.org/schema/mvc/spring-mvc.xsd">    <context:component-scan base-package="org.spring.*"/>    <bean class="org.springframework.web.servlet.view.InternalResourceViewResolver">        <property name="prefix" value="/WEB-INF/pages/"/>        <property name="suffix" value=".jsp"/>    </bean>    <bean class="org.springframework.web.multipart.commons.CommonsMultipartResolver" id="multipartResolver">        <property name="maxUploadSize" value="10000000"/>        <property name="defaultEncoding" value="UTF-8"/>    </bean>    <tx:annotation-driven transaction-manager="transactionManager"/>    <aop:config proxy-target-class="true">        <aop:pointcut id="loggingOperation" expression="execution(* org.spring.bangae.*.*.*.*(..))"/>        <aop:aspect ref="commonCRUDLoggingAspect">            <aop:before method="logger" pointcut-ref="loggingOperation"/>            <aop:after-throwing method="transfer"                                throwing="exception" pointcut-ref="loggingOperation" />        </aop:aspect>    </aop:config>    <bean class="org.spring.common.aop.CommonCRUDLoggingAspect" id="commonCRUDLoggingAspect"/></beans>