<?xml version="1.0" encoding="UTF-8"?>
<!DOCTYPE configuration PUBLIC "-//mybatis.org//DTD Config 3.0//EN"
        "http://mybatis.org/dtd/mybatis-3-config.dtd">

<configuration>
       <settings>
              <setting name="cacheEnabled" value="true"/>
              <setting name="lazyLoadingEnabled" value="true"/>
              <setting name="multipleResultSetsEnabled" value="true"/>
              <setting name="defaultStatementTimeout" value="3"/> <!-- seconds -->
              <setting name="logImpl" value="LOG4J2"/>
       </settings>
       <typeAliases>
              <typeAlias type="org.spring.bangae.main.model.User" alias="user"/>
              <typeAlias type="java.util.Map" alias="map"/>
              <typeAlias type="java.lang.String" alias="string"/>
       </typeAliases>

       <mappers>
              <mapper resource="mapper/main.xml"/>
       </mappers>
</configuration>