<?xml version="1.0" encoding="UTF-8"?>
<beans xmlns="http://www.springframework.org/schema/beans"
       xmlns:xsi="http://www.w3.org/2001/XMLSchema-instance"
       xmlns:jee="http://www.springframework.org/schema/jee"
       xmlns:jdbc="http://www.springframework.org/schema/jdbc"
       xsi:schemaLocation="http://www.springframework.org/schema/beans http://www.springframework.org/schema/beans/spring-beans.xsd
       http://www.springframework.org/schema/jee http://www.springframework.org/schema/jee/spring-jee.xsd
       http://www.springframework.org/schema/jdbc http://www.springframework.org/schema/jdbc/spring-jdbc.xsd">

       <jee:jndi-lookup id="dataSource"
                        jndi-name="java:comp/env/jdbc/bangae1"
                        expected-type="javax.sql.DataSource"/>

    <bean class="org.springframework.jdbc.datasource.DataSourceTransactionManager" id="transactionManager">
        <property name="dataSource" ref="dataSource"/>
    </bean>


    <bean class="org.mybatis.spring.SqlSessionFactoryBean" id="factoryBean">
        <property name="configLocation" value="classpath:sql-map-config.xml"/>
        <property name="dataSource" ref="dataSource"/>
    </bean>

    <bean class="org.mybatis.spring.SqlSessionTemplate" id="sessionTemplate">
        <constructor-arg name="sqlSessionFactory" ref="factoryBean"/>
    </bean>

</beans>