<?xml version="1.0" encoding="UTF-8"?>
<!DOCTYPE mapper PUBLIC "-//mybatis.org//DTD Mapper 3.0//EN" "http://mybatis.org/dtd/mybatis-3-mapper.dtd">

<mapper namespace="user">

    <select id="selectUsers" resultType="user">
        select * from users
    </select>

    <select id="selectUser" resultType="user">
        select * from users where id = #{id}
    </select>


    <insert id="insertUser" parameterType="user">
        insert into users(id,
                            name,
                            tel,
                            age,
                            gender)
                    values (#{id},
                             #{name},
                             #{tel},
                             #{age},
                             #{gender})
    </insert>


    <update id="updateUser"  parameterType="user">
        update users
          set name = #{name},
               tel = #{tel},
               age = #{age},
               gender = #{gender}
        where id = #{id}
    </update>
</mapper>